W_SVD,W_KNN,W_CB,W_POP,Best_NDCG
0.15422133565562396,0.8368615763966493,0.008917087947726759,0.16276134273569348,0.1177142554895015
