Metric,Value
RMSE,3.4538656202478912
MAE,3.0974400963417246
Users,895.0
Recommendations,8629.0
